[
    {
        "stationId": "A1",
        "name": "สุวรรณภูมิ",
        "nameEng": "Suvamabhumi",
        "geoLat": "13.698430460292863",
        "geoLng": "100.75222224366766",
        "lineName": "แอร์พอร์ต เรล ลิงก์",
        "lineNameEng": "Airport Rail Link",
        "lineColorHex": "#0332F8",
        "lineServiceName": "AIRPORTLINK"
    },
    {
        "stationId": "A2",
        "name": "บ้านทับช้าง",
        "nameEng": "Ban Thap Chang",
        "geoLat": "13.732814119012762",
        "geoLng": "100.69131829068533",
        "lineName": "แอร์พอร์ต เรล ลิงก์",
        "lineNameEng": "Airport Rail Link",
        "lineColorHex": "#0332F8",
        "lineServiceName": "AIRPORTLINK"
    },
    {
        "stationId": "A3",
        "name": "รามคำแหง",
        "nameEng": "Ramkhamhaeng",
        "geoLat": "13.743032742356274",
        "geoLng": "100.60015057327637",
        "lineName": "แอร์พอร์ต เรล ลิงก์",
        "lineNameEng": "Airport Rail Link",
        "lineColorHex": "#0332F8",
        "lineServiceName": "AIRPORTLINK"
    },
    {
        "stationId": "A4",
        "name": "มักกะสัน",
        "nameEng": "Makkasan",
        "geoLat": "13.751188237864156",
        "geoLng": "100.56075394308388",
        "lineName": "แอร์พอร์ต เรล ลิงก์",
        "lineNameEng": "Airport Rail Link",
        "lineColorHex": "#0332F8",
        "lineServiceName": "AIRPORTLINK"
    },
    {
        "stationId": "A5",
        "name": "ราชปรารภ",
        "nameEng": "Ratchaprarop",
        "geoLat": "13.755199349761293",
        "geoLng": "100.54212229725891",
        "lineName": "แอร์พอร์ต เรล ลิงก์",
        "lineNameEng": "Airport Rail Link",
        "lineColorHex": "#0332F8",
        "lineServiceName": "AIRPORTLINK"
    },
    {
        "stationId": "A6",
        "name": "พญาไท",
        "nameEng": "Phaya Thai",
        "geoLat": "13.75676690283936",
        "geoLng": "100.53484178279176",
        "lineName": "แอร์พอร์ต เรล ลิงก์",
        "lineNameEng": "Airport Rail Link",
        "lineColorHex": "#0332F8",
        "lineServiceName": "AIRPORTLINK"
    },
    {
        "stationId": "N1",
        "name": "ราชเทวี",
        "nameEng": "Ratchathewi",
        "geoLat": "13.752248022189246",
        "geoLng": "100.53156656878942",
        "lineName": "สายสุขุมวิท",
        "lineNameEng": "Sukhumvit Line",
        "lineColorHex": "#92D04E",
        "lineServiceName": "BTS"
    },
    {
        "stationId": "N2",
        "name": "พญาไท",
        "nameEng": "Phaya Thai",
        "geoLat": "13.756745632860385",
        "geoLng": "100.53365402461276",
        "lineName": "สายสุขุมวิท",
        "lineNameEng": "Sukhumvit Line",
        "lineColorHex": "#92D04E",
        "lineServiceName": "BTS"
    },
    {
        "stationId": "N3",
        "name": "อนุสาวรีย์ชัยสมรภูมิ",
        "nameEng": "Victory Monument",
        "geoLat": "13.762938881452484",
        "geoLng": "100.53711718413088",
        "lineName": "สายสุขุมวิท",
        "lineNameEng": "Sukhumvit Line",
        "lineColorHex": "#92D04E",
        "lineServiceName": "BTS"
    },
    {
        "stationId": "N4",
        "name": "สนามเป้า",
        "nameEng": "Sanam Pao",
        "geoLat": "13.772850397420301",
        "geoLng": "100.54204935344816",
        "lineName": "สายสุขุมวิท",
        "lineNameEng": "Sukhumvit Line",
        "lineColorHex": "#92D04E",
        "lineServiceName": "BTS"
    },
    {
        "stationId": "N5",
        "name": "อารีย์",
        "nameEng": "Ari",
        "geoLat": "13.780301866846923",
        "geoLng": "100.54461132717519",
        "lineName": "สายสุขุมวิท",
        "lineNameEng": "Sukhumvit Line",
        "lineColorHex": "#92D04E",
        "lineServiceName": "BTS"
    },
    {
        "stationId": "N7",
        "name": "สะพานควาย",
        "nameEng": "Saphan Khwai",
        "geoLat": "13.793880903855163",
        "geoLng": "100.54976314180179",
        "lineName": "สายสุขุมวิท",
        "lineNameEng": "Sukhumvit Line",
        "lineColorHex": "#92D04E",
        "lineServiceName": "BTS"
    },
    {
        "stationId": "N8",
        "name": "หมอชิต",
        "nameEng": "Mo Chit",
        "geoLat": "13.802504289971855",
        "geoLng": "100.55382026878978",
        "lineName": "สายสุขุมวิท",
        "lineNameEng": "Sukhumvit Line",
        "lineColorHex": "#92D04E",
        "lineServiceName": "BTS"
    },
    {
        "stationId": "N9",
        "name": "ห้าเเยกลาดพร้าว",
        "nameEng": "Ha Yaek Lat Phrao",
        "geoLat": "13.816606684692351",
        "geoLng": "100.56185343810698",
        "lineName": "สายสุขุมวิท",
        "lineNameEng": "Sukhumvit Line",
        "lineColorHex": "#92D04E",
        "lineServiceName": "BTS"
    },
    {
        "stationId": "N10",
        "name": "พหลโยธิน 24",
        "nameEng": "Phahon Yothin 24",
        "geoLat": "13.824269605653896",
        "geoLng": "100.56646043840226",
        "lineName": "สายสุขุมวิท",
        "lineNameEng": "Sukhumvit Line",
        "lineColorHex": "#92D04E",
        "lineServiceName": "BTS"
    },
    {
        "stationId": "N11",
        "name": "รัชโยธิน",
        "nameEng": "Ratchayothin",
        "geoLat": "13.830174955700329",
        "geoLng": "100.5698014724847",
        "lineName": "สายสุขุมวิท",
        "lineNameEng": "Sukhumvit Line",
        "lineColorHex": "#92D04E",
        "lineServiceName": "BTS"
    },
    {
        "stationId": "N12",
        "name": "เสนานิคม",
        "nameEng": "Sena Nikhom",
        "geoLat": "13.836599692951639",
        "geoLng": "100.57356798228393",
        "lineName": "สายสุขุมวิท",
        "lineNameEng": "Sukhumvit Line",
        "lineColorHex": "#92D04E",
        "lineServiceName": "BTS"
    },
    {
        "stationId": "N13",
        "name": "มหาวิทยาลัยเกษตรศาสตร์",
        "nameEng": "Kasetsart University",
        "geoLat": "13.842610704000288",
        "geoLng": "100.57715337063749",
        "lineName": "สายสุขุมวิท",
        "lineNameEng": "Sukhumvit Line",
        "lineColorHex": "#92D04E",
        "lineServiceName": "BTS"
    },
    {
        "stationId": "N14",
        "name": "กรมป่าไม้",
        "nameEng": "Royal Forest Department",
        "geoLat": "13.850616795379002",
        "geoLng": "100.58178508208272",
        "lineName": "สายสุขุมวิท",
        "lineNameEng": "Sukhumvit Line",
        "lineColorHex": "#92D04E",
        "lineServiceName": "BTS"
    },
    {
        "stationId": "N15",
        "name": "บางบัว",
        "nameEng": "Bang Bua",
        "geoLat": "13.856254412257238",
        "geoLng": "100.5851914221753",
        "lineName": "สายสุขุมวิท",
        "lineNameEng": "Sukhumvit Line",
        "lineColorHex": "#92D04E",
        "lineServiceName": "BTS"
    },
    {
        "stationId": "N16",
        "name": "กรมทหารราบที่ 11",
        "nameEng": "11th Infantry Regiment",
        "geoLat": "13.867694648034218",
        "geoLng": "100.59197218393615",
        "lineName": "สายสุขุมวิท",
        "lineNameEng": "Sukhumvit Line",
        "lineColorHex": "#92D04E",
        "lineServiceName": "BTS"
    },
    {
        "stationId": "N17",
        "name": "วัดพระศรีมหาธาตุ",
        "nameEng": "Wat Phra Sri Mahathat",
        "geoLat": "13.870874893672559",
        "geoLng": "100.59362743975532",
        "lineName": "สายสุขุมวิท",
        "lineNameEng": "Sukhumvit Line",
        "lineColorHex": "#92D04E",
        "lineServiceName": "BTS"
    },
    {
        "stationId": "N18",
        "name": "พหลโยธิน 59",
        "nameEng": "Phahon Yothin 59",
        "geoLat": "13.88431056682685",
        "geoLng": "100.60186565510014",
        "lineName": "สายสุขุมวิท",
        "lineNameEng": "Sukhumvit Line",
        "lineColorHex": "#92D04E",
        "lineServiceName": "BTS"
    },
    {
        "stationId": "N19",
        "name": "สายหยุด",
        "nameEng": "Sai Yud",
        "geoLat": "13.888712784667977",
        "geoLng": "100.60429199742786",
        "lineName": "สายสุขุมวิท",
        "lineNameEng": "Sukhumvit Line",
        "lineColorHex": "#92D04E",
        "lineServiceName": "BTS"
    },
    {
        "stationId": "N20",
        "name": "สะพานใหม่",
        "nameEng": "Saphan Mai",
        "geoLat": "13.896956992745794",
        "geoLng": "100.60905955793811",
        "lineName": "สายสุขุมวิท",
        "lineNameEng": "Sukhumvit Line",
        "lineColorHex": "#92D04E",
        "lineServiceName": "BTS"
    },
    {
        "stationId": "N21",
        "name": "โรงพยาบาลภูมิพลอดุลยเดช",
        "nameEng": "Bhumibol Adulyadej Hospital",
        "geoLat": "13.910392988904585",
        "geoLng": "100.61740475695369",
        "lineName": "สายสุขุมวิท",
        "lineNameEng": "Sukhumvit Line",
        "lineColorHex": "#92D04E",
        "lineServiceName": "BTS"
    },
    {
        "stationId": "N22",
        "name": "พิพิธภัณฑ์กองทัพอากาศ",
        "nameEng": "Royal Thai Air Force Museum",
        "geoLat": "13.918122025575327",
        "geoLng": "100.62176864160907",
        "lineName": "สายสุขุมวิท",
        "lineNameEng": "Sukhumvit Line",
        "lineColorHex": "#92D04E",
        "lineServiceName": "BTS"
    },
    {
        "stationId": "N23",
        "name": "แยก คปอ.",
        "nameEng": "Yaek Kor Por Aor",
        "geoLat": "13.922528836360181",
        "geoLng": "100.624499950081",
        "lineName": "สายสุขุมวิท",
        "lineNameEng": "Sukhumvit Line",
        "lineColorHex": "#92D04E",
        "lineServiceName": "BTS"
    },
    {
        "stationId": "N24",
        "name": "คูคต",
        "nameEng": "Khu Khot",
        "geoLat": "13.932436493523184",
        "geoLng": "100.6466589000598",
        "lineName": "สายสุขุมวิท",
        "lineNameEng": "Sukhumvit Line",
        "lineColorHex": "#92D04E",
        "lineServiceName": "BTS"
    },
    {
        "stationId": "E1",
        "name": "ชิดลม",
        "nameEng": "Chit Lom",
        "geoLat": "13.744217959750484",
        "geoLng": "100.54304612550327",
        "lineName": "สายสุขุมวิท",
        "lineNameEng": "Sukhumvit Line",
        "lineColorHex": "#92D04E",
        "lineServiceName": "BTS"
    },
    {
        "stationId": "E2",
        "name": "เพลินจิต",
        "nameEng": "Phioen Chit",
        "geoLat": "13.743127851312238",
        "geoLng": "100.54892028938575",
        "lineName": "สายสุขุมวิท",
        "lineNameEng": "Sukhumvit Line",
        "lineColorHex": "#92D04E",
        "lineServiceName": "BTS"
    },
    {
        "stationId": "E3",
        "name": "นานา",
        "nameEng": "Nana",
        "geoLat": "13.74065792367767",
        "geoLng": "100.55539554457523",
        "lineName": "สายสุขุมวิท",
        "lineNameEng": "Sukhumvit Line",
        "lineColorHex": "#92D04E",
        "lineServiceName": "BTS"
    },
    {
        "stationId": "E4",
        "name": "อโศก",
        "nameEng": "Asok",
        "geoLat": "13.737260198155443",
        "geoLng": "100.5603185300622",
        "lineName": "สายสุขุมวิท",
        "lineNameEng": "Sukhumvit Line",
        "lineColorHex": "#92D04E",
        "lineServiceName": "BTS"
    },
    {
        "stationId": "E5",
        "name": "พร้อมพงษ์",
        "nameEng": "Phrom Phong",
        "geoLat": "13.730517783678884",
        "geoLng": "100.56972010453384",
        "lineName": "สายสุขุมวิท",
        "lineNameEng": "Sukhumvit Line",
        "lineColorHex": "#92D04E",
        "lineServiceName": "BTS"
    },
    {
        "stationId": "E6",
        "name": "ทองหล่อ",
        "nameEng": "Thong Lo",
        "geoLat": "13.724318068456554",
        "geoLng": "100.57841664529883",
        "lineName": "สายสุขุมวิท",
        "lineNameEng": "Sukhumvit Line",
        "lineColorHex": "#92D04E",
        "lineServiceName": "BTS"
    },
    {
        "stationId": "E7",
        "name": "เอกมัย",
        "nameEng": "EkKamai",
        "geoLat": "13.719681131142204",
        "geoLng": "100.58508956878921",
        "lineName": "สายสุขุมวิท",
        "lineNameEng": "Sukhumvit Line",
        "lineColorHex": "#92D04E",
        "lineServiceName": "BTS"
    },
    {
        "stationId": "E8",
        "name": "พระโขนง",
        "nameEng": "Phra Khanong",
        "geoLat": "13.71526749657004",
        "geoLng": "100.59124906878925",
        "lineName": "สายสุขุมวิท",
        "lineNameEng": "Sukhumvit Line",
        "lineColorHex": "#92D04E",
        "lineServiceName": "BTS"
    },
    {
        "stationId": "E9",
        "name": "อ่อนนุช",
        "nameEng": "On Nut",
        "geoLat": "13.705801907627764",
        "geoLng": "100.60100615404555",
        "lineName": "สายสุขุมวิท",
        "lineNameEng": "Sukhumvit Line",
        "lineColorHex": "#92D04E",
        "lineServiceName": "BTS"
    },
    {
        "stationId": "E10",
        "name": "บางจาก",
        "nameEng": "Bang Chak",
        "geoLat": "13.696909391258025",
        "geoLng": "100.60531167308088",
        "lineName": "สายสุขุมวิท",
        "lineNameEng": "Sukhumvit Line",
        "lineColorHex": "#92D04E",
        "lineServiceName": "BTS"
    },
    {
        "stationId": "E11",
        "name": "ปุณณวิถี",
        "nameEng": "Punnawithi",
        "geoLat": "13.689579712143523",
        "geoLng": "100.60897626878906",
        "lineName": "สายสุขุมวิท",
        "lineNameEng": "Sukhumvit Line",
        "lineColorHex": "#92D04E",
        "lineServiceName": "BTS"
    },
    {
        "stationId": "E12",
        "name": "อุดมสุข",
        "nameEng": "Udom Suk",
        "geoLat": "13.6802523063441",
        "geoLng": "100.60970742645968",
        "lineName": "สายสุขุมวิท",
        "lineNameEng": "Sukhumvit Line",
        "lineColorHex": "#92D04E",
        "lineServiceName": "BTS"
    },
    {
        "stationId": "E13",
        "name": "บางนา",
        "nameEng": "Bang Na",
        "geoLat": "13.66829179589722",
        "geoLng": "100.60465958079922",
        "lineName": "สายสุขุมวิท",
        "lineNameEng": "Sukhumvit Line",
        "lineColorHex": "#92D04E",
        "lineServiceName": "BTS"
    },
    {
        "stationId": "E14",
        "name": "เเบริ่ง",
        "nameEng": "Bearing",
        "geoLat": "13.661404213521596",
        "geoLng": "100.60177703315702",
        "lineName": "สายสุขุมวิท",
        "lineNameEng": "Sukhumvit Line",
        "lineColorHex": "#92D04E",
        "lineServiceName": "BTS"
    },
    {
        "stationId": "E15",
        "name": "สำโรง",
        "nameEng": "Samrong",
        "geoLat": "13.646424276382273",
        "geoLng": "100.59563885187976",
        "lineName": "สายสุขุมวิท",
        "lineNameEng": "Sukhumvit Line",
        "lineColorHex": "#92D04E",
        "lineServiceName": "BTS"
    },
    {
        "stationId": "E16",
        "name": "ปู่เจ้า",
        "nameEng": "Pu Chao",
        "geoLat": "13.637366374405593",
        "geoLng": "100.59195412328135",
        "lineName": "สายสุขุมวิท",
        "lineNameEng": "Sukhumvit Line",
        "lineColorHex": "#92D04E",
        "lineServiceName": "BTS"
    },
    {
        "stationId": "E17",
        "name": "ช้างเอราวัณ",
        "nameEng": "Chang Erawan",
        "geoLat": "13.621747404455762",
        "geoLng": "100.59012321111798",
        "lineName": "สายสุขุมวิท",
        "lineNameEng": "Sukhumvit Line",
        "lineColorHex": "#92D04E",
        "lineServiceName": "BTS"
    },
    {
        "stationId": "E18",
        "name": "โรงเรียนนายเรือ",
        "nameEng": "Royal Thai Naval Academy",
        "geoLat": "13.60857122198038",
        "geoLng": "100.5949813375639",
        "lineName": "สายสุขุมวิท",
        "lineNameEng": "Sukhumvit Line",
        "lineColorHex": "#92D04E",
        "lineServiceName": "BTS"
    },
    {
        "stationId": "E19",
        "name": "ปากน้ำ",
        "nameEng": "Pak Nam",
        "geoLat": "13.602193582628065",
        "geoLng": "100.59710814762467",
        "lineName": "สายสุขุมวิท",
        "lineNameEng": "Sukhumvit Line",
        "lineColorHex": "#92D04E",
        "lineServiceName": "BTS"
    },
    {
        "stationId": "E20",
        "name": "ศรีนครินทร์",
        "nameEng": "Srinagarindra",
        "geoLat": "13.592214559033803",
        "geoLng": "100.60893818412991",
        "lineName": "สายสุขุมวิท",
        "lineNameEng": "Sukhumvit Line",
        "lineColorHex": "#92D04E",
        "lineServiceName": "BTS"
    },
    {
        "stationId": "E21",
        "name": "เเพรกษา",
        "nameEng": "Phraek Sa",
        "geoLat": "13.58450127824605",
        "geoLng": "100.60801626878843",
        "lineName": "สายสุขุมวิท",
        "lineNameEng": "Sukhumvit Line",
        "lineColorHex": "#92D04E",
        "lineServiceName": "BTS"
    },
    {
        "stationId": "E22",
        "name": "สายลวด",
        "nameEng": "Sai Luat",
        "geoLat": "13.577814638285",
        "geoLng": "100.60537062645916",
        "lineName": "สายสุขุมวิท",
        "lineNameEng": "Sukhumvit Line",
        "lineColorHex": "#92D04E",
        "lineServiceName": "BTS"
    },
    {
        "stationId": "E23",
        "name": "เคหะฯ",
        "nameEng": "Kheha",
        "geoLat": "13.56804330854503",
        "geoLng": "100.60771318412975",
        "lineName": "สายสุขุมวิท",
        "lineNameEng": "Sukhumvit Line",
        "lineColorHex": "#92D04E",
        "lineServiceName": "BTS"
    },
    {
        "stationId": "CEN",
        "name": "สยาม",
        "nameEng": "siam",
        "geoLat": "13.745853021832763",
        "geoLng": "100.53409458820424",
        "lineName": "CEN",
        "lineNameEng": "CEN",
        "lineColorHex": "",
        "lineServiceName": "BTS"
    },
    {
        "stationId": "W1",
        "name": "สนามกีฬาเเห่งชาติ",
        "nameEng": "National Stadium",
        "geoLat": "13.746670999230194",
        "geoLng": "100.5290515399541",
        "lineName": "สายสีลม",
        "lineNameEng": "Silom Line",
        "lineColorHex": "#007D38",
        "lineServiceName": "BTS"
    },
    {
        "stationId": "S1",
        "name": "ราชดำริ",
        "nameEng": "Ratchadamri",
        "geoLat": "13.739653868626046",
        "geoLng": "100.53952796814953",
        "lineName": "สายสีลม",
        "lineNameEng": "Silom Line",
        "lineColorHex": "#007D38",
        "lineServiceName": "BTS"
    },
    {
        "stationId": "S2",
        "name": "ศาลาเเดง",
        "nameEng": "Sala Daeng",
        "geoLat": "13.728687365842067",
        "geoLng": "100.53410615745476",
        "lineName": "สายสีลม",
        "lineNameEng": "Silom Line",
        "lineColorHex": "#007D38",
        "lineServiceName": "BTS"
    },
    {
        "stationId": "S3",
        "name": "ช่องนนทรี",
        "nameEng": "Chong Nonsi",
        "geoLat": "13.724106467759407",
        "geoLng": "100.52943246607377",
        "lineName": "สายสีลม",
        "lineNameEng": "Silom Line",
        "lineColorHex": "#007D38",
        "lineServiceName": "BTS"
    },
    {
        "stationId": "S4",
        "name": "เซนต์หลุยส์",
        "nameEng": "Saint Louis",
        "geoLat": "13.721305913590752",
        "geoLng": "100.52679238745989",
        "lineName": "สายสีลม",
        "lineNameEng": "Silom Line",
        "lineColorHex": "#007D38",
        "lineServiceName": "BTS"
    },
    {
        "stationId": "S5",
        "name": "สุรศักดิ์",
        "nameEng": "Surasak",
        "geoLat": "13.719537125325928",
        "geoLng": "100.52145153904159",
        "lineName": "สายสีลม",
        "lineNameEng": "Silom Line",
        "lineColorHex": "#007D38",
        "lineServiceName": "BTS"
    },
    {
        "stationId": "S6",
        "name": "สะพานตากสิน",
        "nameEng": "Saphan Taksin",
        "geoLat": "13.719002878876935",
        "geoLng": "100.51397509590281",
        "lineName": "สายสีลม",
        "lineNameEng": "Silom Line",
        "lineColorHex": "#007D38",
        "lineServiceName": "BTS"
    },
    {
        "stationId": "S7",
        "name": "กรุงธนบุรี",
        "nameEng": "Krung Thon Buri",
        "geoLat": "13.721115982557249",
        "geoLng": "100.5027129343507",
        "lineName": "สายสีลม",
        "lineNameEng": "Silom Line",
        "lineColorHex": "#007D38",
        "lineServiceName": "BTS"
    },
    {
        "stationId": "S8",
        "name": "วงเวียนใหญ่",
        "nameEng": "Wongwian Yai",
        "geoLat": "13.721342669730914",
        "geoLng": "100.4951375507303",
        "lineName": "สายสีลม",
        "lineNameEng": "Silom Line",
        "lineColorHex": "#007D38",
        "lineServiceName": "BTS"
    },
    {
        "stationId": "S9",
        "name": "โพธิ์นิมิตร",
        "nameEng": "Pho Nimit",
        "geoLat": "13.719358060183657",
        "geoLng": "100.48587065727378",
        "lineName": "สายสีลม",
        "lineNameEng": "Silom Line",
        "lineColorHex": "#007D38",
        "lineServiceName": "BTS"
    },
    {
        "stationId": "S10",
        "name": "ตลาดพลู",
        "nameEng": "Talat Phlu",
        "geoLat": "13.714400461102041",
        "geoLng": "100.47680359693724",
        "lineName": "สายสีลม",
        "lineNameEng": "Silom Line",
        "lineColorHex": "#007D38",
        "lineServiceName": "BTS"
    },
    {
        "stationId": "S11",
        "name": "วุฒากาศ",
        "nameEng": "Wutthakat",
        "geoLat": "13.713278450460455",
        "geoLng": "100.46879708228315",
        "lineName": "สายสีลม",
        "lineNameEng": "Silom Line",
        "lineColorHex": "#007D38",
        "lineServiceName": "BTS"
    },
    {
        "stationId": "S12",
        "name": "บางหว้า",
        "nameEng": "Bang Wa",
        "geoLat": "13.720728925451862",
        "geoLng": "100.45780458752814",
        "lineName": "สายสีลม",
        "lineNameEng": "Silom Line",
        "lineColorHex": "#007D38",
        "lineServiceName": "BTS"
    },
    {
        "stationId": "G1",
        "name": "กรุงธนบุรี",
        "nameEng": "Krung Thon Buri",
        "geoLat": "13.721193938044461",
        "geoLng": "100.503749966034",
        "lineName": "สายสีทอง",
        "lineNameEng": "Gold Line",
        "lineColorHex": "#BA9006",
        "lineServiceName": "BTS"
    },
    {
        "stationId": "G2",
        "name": "เจริญนคร",
        "nameEng": "Charoen Nakhon",
        "geoLat": "13.726671674714577",
        "geoLng": "100.50907732292256",
        "lineName": "สายสีทอง",
        "lineNameEng": "Gold Line",
        "lineColorHex": "#BA9006",
        "lineServiceName": "BTS"
    },
    {
        "stationId": "G3",
        "name": "คลองสาน",
        "nameEng": "Khlong San",
        "geoLat": "13.730456353504387",
        "geoLng": "100.5076052495556",
        "lineName": "สายสีทอง",
        "lineNameEng": "Gold Line",
        "lineColorHex": "#BA9006",
        "lineServiceName": "BTS"
    },
    {
        "stationId": "BL01",
        "name": "ท่าพระ",
        "nameEng": "Tha Phra",
        "geoLat": "13.729722983478364",
        "geoLng": "100.4742004448221",
        "lineName": "สายสีน้ำเงิน",
        "lineNameEng": "Blue Line",
        "lineColorHex": "#7D80F3",
        "lineServiceName": "MRT"
    },
    {
        "stationId": "BL02",
        "name": "จรัญฯ 13",
        "nameEng": "Charan 13",
        "geoLat": "13.739730055636807",
        "geoLng": "100.47075309559493",
        "lineName": "สายสีน้ำเงิน",
        "lineNameEng": "Blue Line",
        "lineColorHex": "#7D80F3",
        "lineServiceName": "MRT"
    },
    {
        "stationId": "BL03",
        "name": "ไฟฉาย",
        "nameEng": "Fai Chai",
        "geoLat": "13.755142104744786",
        "geoLng": "100.46921446440986",
        "lineName": "สายสีน้ำเงิน",
        "lineNameEng": "Blue Line",
        "lineColorHex": "#7D80F3",
        "lineServiceName": "MRT"
    },
    {
        "stationId": "BL04",
        "name": "บางขุนนนท์",
        "nameEng": "Bang Khun Non",
        "geoLat": "13.763217324890144",
        "geoLng": "100.47327103704303",
        "lineName": "สายสีน้ำเงิน",
        "lineNameEng": "Blue Line",
        "lineColorHex": "#7D80F3",
        "lineServiceName": "MRT"
    },
    {
        "stationId": "BL05",
        "name": "บางยี่ขัน",
        "nameEng": "Bang Yi Khan",
        "geoLat": "13.777546963728195",
        "geoLng": "100.48526026973762",
        "lineName": "สายสีน้ำเงิน",
        "lineNameEng": "Blue Line",
        "lineColorHex": "#7D80F3",
        "lineServiceName": "MRT"
    },
    {
        "stationId": "BL06",
        "name": "สิรินธร",
        "nameEng": "Sirindhorn",
        "geoLat": "13.78413719659457",
        "geoLng": "100.49348463563705",
        "lineName": "สายสีน้ำเงิน",
        "lineNameEng": "Blue Line",
        "lineColorHex": "#7D80F3",
        "lineServiceName": "MRT"
    },
    {
        "stationId": "BL07",
        "name": "บางพลัด",
        "nameEng": "Bang Phlat",
        "geoLat": "13.79255760462822",
        "geoLng": "100.50497773662762",
        "lineName": "สายสีน้ำเงิน",
        "lineNameEng": "Blue Line",
        "lineColorHex": "#7D80F3",
        "lineServiceName": "MRT"
    },
    {
        "stationId": "BL08",
        "name": "บางอ้อ",
        "nameEng": "Bang O",
        "geoLat": "13.798857016282433",
        "geoLng": "100.50970221583698",
        "lineName": "สายสีน้ำเงิน",
        "lineNameEng": "Blue Line",
        "lineColorHex": "#7D80F3",
        "lineServiceName": "MRT"
    },
    {
        "stationId": "BL09",
        "name": "บางโพ",
        "nameEng": "Bang Pho",
        "geoLat": "13.806461962608697",
        "geoLng": "100.52105553737543",
        "lineName": "สายสีน้ำเงิน",
        "lineNameEng": "Blue Line",
        "lineColorHex": "#7D80F3",
        "lineServiceName": "MRT"
    },
    {
        "stationId": "BL10",
        "name": "เตาปูน",
        "nameEng": "Tao Poon",
        "geoLat": "13.806251181026438",
        "geoLng": "100.53080430385421",
        "lineName": "สายสีน้ำเงิน",
        "lineNameEng": "Blue Line",
        "lineColorHex": "#7D80F3",
        "lineServiceName": "MRT"
    },
    {
        "stationId": "BL11",
        "name": "บางซื่อ",
        "nameEng": "Bang Sue",
        "geoLat": "13.803108363849914",
        "geoLng": "100.53916200662879",
        "lineName": "สายสีน้ำเงิน",
        "lineNameEng": "Blue Line",
        "lineColorHex": "#7D80F3",
        "lineServiceName": "MRT"
    },
    {
        "stationId": "BL12",
        "name": "กำแพงเพรช",
        "nameEng": "Kamphaeng Phet",
        "geoLat": "13.798164065798893",
        "geoLng": "100.547558649226",
        "lineName": "สายสีน้ำเงิน",
        "lineNameEng": "Blue Line",
        "lineColorHex": "#7D80F3",
        "lineServiceName": "MRT"
    },
    {
        "stationId": "BL13",
        "name": "สวนจตุจักร",
        "nameEng": "Chatuchak Park",
        "geoLat": "13.802634201491806",
        "geoLng": "100.5537895043331",
        "lineName": "สายสีน้ำเงิน",
        "lineNameEng": "Blue Line",
        "lineColorHex": "#7D80F3",
        "lineServiceName": "MRT"
    },
    {
        "stationId": "BL14",
        "name": "พหลโยธิน",
        "nameEng": "Phahon Yothin",
        "geoLat": "13.814375402613187",
        "geoLng": "100.56012460981002",
        "lineName": "สายสีน้ำเงิน",
        "lineNameEng": "Blue Line",
        "lineColorHex": "#7D80F3",
        "lineServiceName": "MRT"
    },
    {
        "stationId": "BL15",
        "name": "ลาดพร้าว",
        "nameEng": "Lat Phrao",
        "geoLat": "13.806191889809645",
        "geoLng": "100.57357769072922",
        "lineName": "สายสีน้ำเงิน",
        "lineNameEng": "Blue Line",
        "lineColorHex": "#7D80F3",
        "lineServiceName": "MRT"
    },
    {
        "stationId": "BL16",
        "name": "รัชดาภิเษก",
        "nameEng": "Ratchadaphisek",
        "geoLat": "13.799301877960573",
        "geoLng": "100.57458106133231",
        "lineName": "สายสีน้ำเงิน",
        "lineNameEng": "Blue Line",
        "lineColorHex": "#7D80F3",
        "lineServiceName": "MRT"
    },
    {
        "stationId": "BL17",
        "name": "สุทธิสาร",
        "nameEng": "Sutthisan",
        "geoLat": "13.789831735021023",
        "geoLng": "100.57420948068481",
        "lineName": "สายสีน้ำเงิน",
        "lineNameEng": "Blue Line",
        "lineColorHex": "#7D80F3",
        "lineServiceName": "MRT"
    },
    {
        "stationId": "BL18",
        "name": "ห้วยขวาง",
        "nameEng": "Huai Khwang",
        "geoLat": "13.778609281339378",
        "geoLng": "100.57361365746218",
        "lineName": "สายสีน้ำเงิน",
        "lineNameEng": "Blue Line",
        "lineColorHex": "#7D80F3",
        "lineServiceName": "MRT"
    },
    {
        "stationId": "BL19",
        "name": "ศูนย์วัฒนธรรมแห่งประเทศไทย",
        "nameEng": "Thailand Cultural Centre",
        "geoLat": "13.766315395938772",
        "geoLng": "100.57026601277938",
        "lineName": "สายสีน้ำเงิน",
        "lineNameEng": "Blue Line",
        "lineColorHex": "#7D80F3",
        "lineServiceName": "MRT"
    },
    {
        "stationId": "BL20",
        "name": "พระราม 9",
        "nameEng": "Phra Ram 9",
        "geoLat": "13.757999460399486",
        "geoLng": "100.56557848128595",
        "lineName": "สายสีน้ำเงิน",
        "lineNameEng": "Blue Line",
        "lineColorHex": "#7D80F3",
        "lineServiceName": "MRT"
    },
    {
        "stationId": "BL21",
        "name": "เพรชบุรี",
        "nameEng": "Phetchaburi",
        "geoLat": "13.748825116832812",
        "geoLng": "100.56310018888564",
        "lineName": "สายสีน้ำเงิน",
        "lineNameEng": "Blue Line",
        "lineColorHex": "#7D80F3",
        "lineServiceName": "MRT"
    },
    {
        "stationId": "BL22",
        "name": "สุขุมวิท",
        "nameEng": "Sukhumvit",
        "geoLat": "13.738691046347832",
        "geoLng": "100.56146787755216",
        "lineName": "สายสีน้ำเงิน",
        "lineNameEng": "Blue Line",
        "lineColorHex": "#7D80F3",
        "lineServiceName": "MRT"
    },
    {
        "stationId": "BL23",
        "name": "ศูนย์การประชุมแห่งชาติสิริกิติ์",
        "nameEng": "Queen Sirikit National Convention Center",
        "geoLat": "13.723279398983436",
        "geoLng": "100.56007280181026",
        "lineName": "สายสีน้ำเงิน",
        "lineNameEng": "Blue Line",
        "lineColorHex": "#7D80F3",
        "lineServiceName": "MRT"
    },
    {
        "stationId": "BL24",
        "name": "คลองเตย",
        "nameEng": "Khlong Toei",
        "geoLat": "13.722395580602603",
        "geoLng": "100.55387331403622",
        "lineName": "สายสีน้ำเงิน",
        "lineNameEng": "Blue Line",
        "lineColorHex": "#7D80F3",
        "lineServiceName": "MRT"
    },
    {
        "stationId": "BL25",
        "name": "ลุมพินี",
        "nameEng": "Lumphini",
        "geoLat": "13.725956809558339",
        "geoLng": "100.54570153577502",
        "lineName": "สายสีน้ำเงิน",
        "lineNameEng": "Blue Line",
        "lineColorHex": "#7D80F3",
        "lineServiceName": "MRT"
    },
    {
        "stationId": "BL26",
        "name": "สีลม",
        "nameEng": "Si Lom",
        "geoLat": "13.72942224492929",
        "geoLng": "100.5365605650866",
        "lineName": "สายสีน้ำเงิน",
        "lineNameEng": "Blue Line",
        "lineColorHex": "#7D80F3",
        "lineServiceName": "MRT"
    },
    {
        "stationId": "BL27",
        "name": "สามย่าน",
        "nameEng": "Sam Yan",
        "geoLat": "13.732394461214282",
        "geoLng": "100.53006029424373",
        "lineName": "สายสีน้ำเงิน",
        "lineNameEng": "Blue Line",
        "lineColorHex": "#7D80F3",
        "lineServiceName": "MRT"
    },
    {
        "stationId": "BL28",
        "name": "หัวลำโพง",
        "nameEng": "Hua Lamphong",
        "geoLat": "13.73795663824731",
        "geoLng": "100.51724195465331",
        "lineName": "สายสีน้ำเงิน",
        "lineNameEng": "Blue Line",
        "lineColorHex": "#7D80F3",
        "lineServiceName": "MRT"
    },
    {
        "stationId": "BL29",
        "name": "วัดมังกร",
        "nameEng": "Wat Mangkon",
        "geoLat": "13.742024992821095",
        "geoLng": "100.5103155216548",
        "lineName": "สายสีน้ำเงิน",
        "lineNameEng": "Blue Line",
        "lineColorHex": "#7D80F3",
        "lineServiceName": "MRT"
    },
    {
        "stationId": "BL30",
        "name": "สามยอด",
        "nameEng": "Sam Yot",
        "geoLat": "13.74740455656763",
        "geoLng": "100.50221957251883",
        "lineName": "สายสีน้ำเงิน",
        "lineNameEng": "Blue Line",
        "lineColorHex": "#7D80F3",
        "lineServiceName": "MRT"
    },
    {
        "stationId": "BL31",
        "name": "สนามไชย",
        "nameEng": "Sanam Chai",
        "geoLat": "13.743994752016738",
        "geoLng": "100.49463428542543",
        "lineName": "สายสีน้ำเงิน",
        "lineNameEng": "Blue Line",
        "lineColorHex": "#7D80F3",
        "lineServiceName": "MRT"
    },
    {
        "stationId": "BL32",
        "name": "อิสรภาพ",
        "nameEng": "Itsaraphap",
        "geoLat": "13.738504180650656",
        "geoLng": "100.48521267453896",
        "lineName": "สายสีน้ำเงิน",
        "lineNameEng": "Blue Line",
        "lineColorHex": "#7D80F3",
        "lineServiceName": "MRT"
    },
    {
        "stationId": "BL33",
        "name": "บางไผ่",
        "nameEng": "Bang Phai",
        "geoLat": "13.724698796949715",
        "geoLng": "100.46523911123427",
        "lineName": "สายสีน้ำเงิน",
        "lineNameEng": "Blue Line",
        "lineColorHex": "#7D80F3",
        "lineServiceName": "MRT"
    },
    {
        "stationId": "BL34",
        "name": "ท่าเรือบางหว้า",
        "nameEng": "Bang Wa Pier",
        "geoLat": "13.72055298366182",
        "geoLng": "100.4571986292217",
        "lineName": "สายสีน้ำเงิน",
        "lineNameEng": "Blue Line",
        "lineColorHex": "#7D80F3",
        "lineServiceName": "MRT"
    },
    {
        "stationId": "BL35",
        "name": "เพรชเกษม 48",
        "nameEng": "Phetkasem 48",
        "geoLat": "13.715643495852428",
        "geoLng": "100.4456227504867",
        "lineName": "สายสีน้ำเงิน",
        "lineNameEng": "Blue Line",
        "lineColorHex": "#7D80F3",
        "lineServiceName": "MRT"
    },
    {
        "stationId": "BL36",
        "name": "ภาษีเจริญ",
        "nameEng": "Phasi Charoen",
        "geoLat": "13.712854501431428",
        "geoLng": "100.43423020268325",
        "lineName": "สายสีน้ำเงิน",
        "lineNameEng": "Blue Line",
        "lineColorHex": "#7D80F3",
        "lineServiceName": "MRT"
    },
    {
        "stationId": "BL37",
        "name": "บางแค",
        "nameEng": "Bang Khae",
        "geoLat": "13.711914228144721",
        "geoLng": "100.4223660833503",
        "lineName": "สายสีน้ำเงิน",
        "lineNameEng": "Blue Line",
        "lineColorHex": "#7D80F3",
        "lineServiceName": "MRT"
    },
    {
        "stationId": "BL38",
        "name": "หลักสอง",
        "nameEng": "Lak Song",
        "geoLat": "13.711001198810953",
        "geoLng": "100.41000622699018",
        "lineName": "สายสีน้ำเงิน",
        "lineNameEng": "Blue Line",
        "lineColorHex": "#7D80F3",
        "lineServiceName": "MRT"
    },
    {
        "stationId": "PP01",
        "name": "คลองบางไผ่",
        "nameEng": "Khlong Bang Phai",
        "geoLat": "13.892301215199893",
        "geoLng": "100.4082347399549",
        "lineName": "สายสีม่วง",
        "lineNameEng": "Purple Line",
        "lineColorHex": "#6D2EA0",
        "lineServiceName": "MRT"
    },
    {
        "stationId": "PP02",
        "name": "ตลาดบางใหญ่",
        "nameEng": "Talad Bang Yai",
        "geoLat": "13.881082250349912",
        "geoLng": "100.40923523317544",
        "lineName": "สายสีม่วง",
        "lineNameEng": "Purple Line",
        "lineColorHex": "#6D2EA0",
        "lineServiceName": "MRT"
    },
    {
        "stationId": "PP03",
        "name": "สามแยกบางใหญ่",
        "nameEng": "Sam Yaek Bang Yai",
        "geoLat": "13.87462472389865",
        "geoLng": "100.41944534729097",
        "lineName": "สายสีม่วง",
        "lineNameEng": "Purple Line",
        "lineColorHex": "#6D2EA0",
        "lineServiceName": "MRT"
    },
    {
        "stationId": "PP04",
        "name": "บางพลู",
        "nameEng": "Bang Phlu",
        "geoLat": "13.875642736582137",
        "geoLng": "100.43393467813281",
        "lineName": "สายสีม่วง",
        "lineNameEng": "Purple Line",
        "lineColorHex": "#6D2EA0",
        "lineServiceName": "MRT"
    },
    {
        "stationId": "PP05",
        "name": "บางรักใหญ่",
        "nameEng": "Bang Rak Yai",
        "geoLat": "13.876635219137386",
        "geoLng": "100.44490849168169",
        "lineName": "สายสีม่วง",
        "lineNameEng": "Purple Line",
        "lineColorHex": "#6D2EA0",
        "lineServiceName": "MRT"
    },
    {
        "stationId": "PP06",
        "name": "บางรักน้อยท่าอิฐ",
        "nameEng": "Bang Rak Noi Tha It",
        "geoLat": "13.87470819378764",
        "geoLng": "100.45617889945063",
        "lineName": "สายสีม่วง",
        "lineNameEng": "Purple Line",
        "lineColorHex": "#6D2EA0",
        "lineServiceName": "MRT"
    },
    {
        "stationId": "PP07",
        "name": "ไทรม้า",
        "nameEng": "Sai Ma",
        "geoLat": "13.870583974257402",
        "geoLng": "100.46666689202357",
        "lineName": "สายสีม่วง",
        "lineNameEng": "Purple Line",
        "lineColorHex": "#6D2EA0",
        "lineServiceName": "MRT"
    },
    {
        "stationId": "PP08",
        "name": "สะพานพระนั่งเกล้า",
        "nameEng": "Phra Nang Klao Bridge",
        "geoLat": "13.870393427500014",
        "geoLng": "100.48042898374244",
        "lineName": "สายสีม่วง",
        "lineNameEng": "Purple Line",
        "lineColorHex": "#6D2EA0",
        "lineServiceName": "MRT"
    },
    {
        "stationId": "PP09",
        "name": "แยกนนทบุรี 1",
        "nameEng": "Yaek Nonthaburi 1",
        "geoLat": "13.865970975316161",
        "geoLng": "100.49480464423618",
        "lineName": "สายสีม่วง",
        "lineNameEng": "Purple Line",
        "lineColorHex": "#6D2EA0",
        "lineServiceName": "MRT"
    },
    {
        "stationId": "PP10",
        "name": "บางกระสอ",
        "nameEng": "Bang Krasor",
        "geoLat": "13.861881047056444",
        "geoLng": "100.50427735276402",
        "lineName": "สายสีม่วง",
        "lineNameEng": "Purple Line",
        "lineColorHex": "#6D2EA0",
        "lineServiceName": "MRT"
    },
    {
        "stationId": "PP11",
        "name": "ศูนย์ราชการนนทบุรี",
        "nameEng": "Nonthaburi Civic Center",
        "geoLat": "13.8601467410472",
        "geoLng": "100.51324506138889",
        "lineName": "สายสีม่วง",
        "lineNameEng": "Purple Line",
        "lineColorHex": "#6D2EA0",
        "lineServiceName": "MRT"
    },
    {
        "stationId": "PP12",
        "name": "กระทรวงสาธารณสุข",
        "nameEng": "Ministry of Public Health",
        "geoLat": "13.848715431241638",
        "geoLng": "100.51478807121238",
        "lineName": "สายสีม่วง",
        "lineNameEng": "Purple Line",
        "lineColorHex": "#6D2EA0",
        "lineServiceName": "MRT"
    },
    {
        "stationId": "PP13",
        "name": "แยกติวานนท์",
        "nameEng": "Yaek Tiwanon",
        "geoLat": "13.839570244672485",
        "geoLng": "100.51495046448692",
        "lineName": "สายสีม่วง",
        "lineNameEng": "Purple Line",
        "lineColorHex": "#6D2EA0",
        "lineServiceName": "MRT"
    },
    {
        "stationId": "PP14",
        "name": "วงศ์สว่าง",
        "nameEng": "Wong Sawang",
        "geoLat": "13.830364589458032",
        "geoLng": "100.52665114443678",
        "lineName": "สายสีม่วง",
        "lineNameEng": "Purple Line",
        "lineColorHex": "#6D2EA0",
        "lineServiceName": "MRT"
    },
    {
        "stationId": "PP15",
        "name": "บางซ่อน",
        "nameEng": "Bang Son",
        "geoLat": "13.820669937306441",
        "geoLng": "100.53270727007772",
        "lineName": "สายสีม่วง",
        "lineNameEng": "Purple Line",
        "lineColorHex": "#6D2EA0",
        "lineServiceName": "MRT"
    },
    {
        "stationId": "PP16",
        "name": "เตาปูน",
        "nameEng": "Tao Poon",
        "geoLat": "13.806490974183996",
        "geoLng": "100.53068271245338",
        "lineName": "สายสีม่วง",
        "lineNameEng": "Purple Line",
        "lineColorHex": "#6D2EA0",
        "lineServiceName": "MRT"
    }
]